QZA73300.1	QZA73300.1
OG535_34430	OG535_34430
OG286_06320	OG286_06320
OG286_06320	OG689_34735
OG286_06320	QZA73311.1
OG286_06320	OG535_34335
OG286_06320	OG379_38955
OG379_38875	OG379_38875
OG379_39035	OG379_39035
OG689_34710	OG689_34710
OG689_34710	OG535_34310
QZA73301.1	QZA73301.1
OG535_34435	OG535_34435
OG286_06325	OG286_06325
OG286_06325	OG689_34730
OG286_06325	QZA73310.1
OG286_06325	OG535_34330
OG286_06325	OG379_38950
OG379_38880	OG379_38880
OG379_39040	OG379_39040
OG689_34715	OG689_34715
OG689_34715	OG535_34315
OG535_34440	OG535_34440
OG379_38885	OG379_38885
OG379_39045	OG379_39045
OG689_34720	OG689_34720
OG689_34720	QZA73308.1
OG689_34720	OG535_34320
OG689_34720	OG286_06335
OG689_34720	OG379_38940
OG535_34445	OG535_34445
OG379_38890	OG379_38890
OG379_39050	OG379_39050
QZA73304.1	QZA73304.1
QZA73304.1	OG379_38920
OG535_34290	OG535_34290
OG535_34290	OG286_06355
OG535_34290	OG689_34690
OG535_34450	OG535_34450
OG379_38895	OG379_38895
OG379_39055	OG379_39055
OG535_34455	OG535_34455
OG379_38900	OG379_38900
OG379_39060	OG379_39060
QZA73306.1	QZA73306.1
QZA73306.1	OG379_38930
QZA73306.1	OG535_34300
QZA73306.1	OG286_06345
QZA73306.1	OG689_34700
OG535_34460	OG535_34460
OG379_39065	OG379_39065
OG535_34465	OG535_34465
OG379_38910	OG379_38910
OG379_39070	OG379_39070
OG286_06200	OG286_06200
OG286_06360	OG286_06360
OG286_06360	OG535_34285
OG286_06360	OG689_34685
OG379_38915	OG379_38915
OG379_38915	QZA73303.1
OG379_39075	OG379_39075
QZA73309.1	QZA73309.1
QZA73309.1	OG689_34725
QZA73309.1	OG379_38945
QZA73309.1	OG535_34325
QZA73309.1	OG286_06330
OG286_06205	OG286_06205
OG286_06365	OG286_06365
OG286_06365	OG535_34280
OG379_39080	OG379_39080
OG286_06210	OG286_06210
OG286_06370	OG286_06370
OG286_06370	OG535_34275
OG689_34600	OG689_34600
OG689_34760	OG689_34760
OG689_34760	QZA73316.1
OG689_34760	OG535_34360
OG689_34760	OG379_38980
OG689_34760	OG286_06295
OG286_06215	OG286_06215
OG286_06375	OG286_06375
OG286_06375	OG535_34270
OG689_34605	OG689_34605
OG689_34765	OG689_34765
OG689_34765	QZA73317.1
OG689_34765	OG535_34365
OG689_34765	OG379_38985
OG689_34765	OG286_06290
QZA73312.1	QZA73312.1
QZA73312.1	OG689_34740
QZA73312.1	OG535_34340
QZA73312.1	OG379_38960
QZA73312.1	OG286_06315
OG286_06220	OG286_06220
OG379_38935	OG379_38935
OG379_38935	OG286_06340
OG379_38935	QZA73307.1
OG689_34610	OG689_34610
OG689_34770	OG689_34770
OG689_34770	QZA73318.1
OG689_34770	OG535_34370
OG689_34770	OG379_38990
OG689_34770	OG286_06285
OG286_06225	OG286_06225
OG689_34615	OG689_34615
OG286_06230	OG286_06230
OG689_34620	OG689_34620
OG286_06235	OG286_06235
OG689_34625	OG689_34625
OG689_34785	OG689_34785
OG286_06240	OG286_06240
OG689_34630	OG689_34630
OG689_34790	OG689_34790
OG535_34355	OG535_34355
OG535_34355	OG689_34755
OG535_34355	QZA73315.1
OG535_34355	OG379_38975
OG535_34355	OG286_06300
OG286_06245	OG286_06245
OG689_34635	OG689_34635
OG689_34795	OG689_34795
OG286_06250	OG286_06250
OG379_38965	OG379_38965
OG379_38965	OG689_34745
OG379_38965	QZA73313.1
OG379_38965	OG535_34345
OG379_38965	OG286_06310
OG689_34640	OG689_34640
OG689_34800	OG689_34800
OG689_34645	OG689_34645
OG689_34805	OG689_34805
QZA73320.1	QZA73320.1
OG689_34650	OG689_34650
OG689_34810	OG689_34810
OG689_34655	OG689_34655
OG689_34815	OG689_34815
OG535_34220	OG535_34220
OG535_34220	OG286_06425
OG535_34380	OG535_34380
OG535_34380	QZA73302.1
OG535_34380	OG379_38905
OG535_34380	OG689_34780
OG535_34380	OG286_06275
OG286_06430	OG286_06430
OG286_06430	OG535_34215
OG689_34660	OG689_34660
OG689_34820	OG689_34820
OG535_34225	OG535_34225
OG535_34225	OG286_06420
OG535_34385	OG535_34385
OG535_34385	OG286_06270
OG379_38830	OG379_38830
OG689_34665	OG689_34665
OG689_34825	OG689_34825
OG535_34230	OG535_34230
OG535_34230	OG286_06415
OG535_34390	OG535_34390
OG535_34390	OG286_06265
OG286_06280	OG286_06280
OG286_06280	OG689_34775
OG286_06280	OG535_34375
OG379_38835	OG379_38835
OG379_38995	OG379_38995
OG379_38995	QZA73319.1
OG689_34670	OG689_34670
OG689_34830	OG689_34830
OG535_34235	OG535_34235
OG535_34235	OG286_06410
OG535_34395	OG535_34395
OG535_34395	OG286_06260
OG379_38840	OG379_38840
OG379_39000	OG379_39000
OG689_34675	OG689_34675
OG535_34240	OG535_34240
OG535_34240	OG286_06405
OG535_34400	OG535_34400
OG535_34400	OG286_06255
OG379_38845	OG379_38845
OG379_39005	OG379_39005
OG689_34680	OG689_34680
OG535_34245	OG535_34245
OG535_34245	OG286_06400
OG535_34405	OG535_34405
OG379_38850	OG379_38850
OG379_39010	OG379_39010
OG535_34250	OG535_34250
OG535_34250	OG286_06395
OG535_34410	OG535_34410
OG379_38855	OG379_38855
OG379_38855	OG535_34255
OG379_38855	OG286_06390
OG379_39015	OG379_39015
OG535_34415	OG535_34415
OG286_06305	OG286_06305
OG286_06305	OG689_34750
OG286_06305	QZA73314.1
OG286_06305	OG535_34350
OG286_06305	OG379_38970
OG379_38860	OG379_38860
OG379_39020	OG379_39020
OG689_34695	OG689_34695
OG689_34695	QZA73305.1
OG689_34695	OG286_06350
OG689_34695	OG535_34295
OG689_34695	OG379_38925
OG535_34260	OG535_34260
OG535_34260	OG286_06385
OG535_34420	OG535_34420
OG379_38865	OG379_38865
OG379_39025	OG379_39025
OG535_34265	OG535_34265
OG535_34265	OG286_06380
OG535_34425	OG535_34425
OG379_38870	OG379_38870
OG379_39030	OG379_39030
OG689_34705	OG689_34705
OG689_34705	OG535_34305
